MTAH01624288	08/26/2025 15:46:43	08/27/2025 10:10:39	TX-XFM3908	183S-SH71DCEN-02	E	183s-Sh71dcen-02	Toll	-0.71
MTAH01624288	08/26/2025 15:47:30	08/27/2025 10:09:55	TX-XFM3908	183S-THMPSNMLNB-02	N	183s-Thmpsnmlnb-02	Toll	-1.3
MTAH01624288	08/26/2025 15:51:07	08/27/2025 10:02:55	TX-XFM3908	183S-51STMLNB-04	N	51st Mainline Nb-04	Toll	-1.5
MTAH01943811	08/08/2025 17:48:44	08/11/2025 6:32:34	TX-WVG0826	71-FM973EB-03	E	71-Fm973eb-03	Toll	-1.14
MTAH01943811	08/08/2025 17:54:33	08/09/2025 0:47:02	TX-WVG0826	H13-DECKC-11	N	Decker Creek Plaza	Toll	-2.18
MTAH01943811	08/08/2025 18:25:54	08/09/2025 1:30:47	TX-WVG0826	H13-CAMRO-12	N	Cameron Plaza	Toll	-2.18
MTAH01943811	08/08/2025 18:35:51	08/09/2025 1:45:58	TX-WVG0826	H13-MUSTC-11	N	Mustang Creek Plaza	Toll	-2.18
MTAH01943811	08/13/2025 15:24:07	08/13/2025 17:07:51	TX-WVG0826	H13-MUSTC-07	N	Mustang Creek Plaza	Toll	-2.18
MTAH01943811	08/13/2025 15:48:17	08/13/2025 17:34:55	TX-WVG0826	H13-CAMRO-10	N	Cameron Plaza	Toll	-2.18
MTAH01943811	08/13/2025 15:56:57	08/13/2025 17:34:33	TX-WVG0826	H13-DECKC-07	S	Decker Creek Plaza	Toll	-2.18
MTAH01943811	08/15/2025 23:28:52	08/16/2025 5:00:30	TX-WVG0826	H13-CAMRO-11	N	Cameron Plaza	Toll	-2.18
MTAH01943811	08/15/2025 23:37:40	08/16/2025 5:00:32	TX-WVG0826	H13-MUSTC-10	N	Mustang Creek Plaza	Toll	-2.18
MTAH01943811	08/16/2025 17:03:00	08/16/2025 17:40:02	TX-WVG0826	LOP-MTOWN-10	S	Merrilltown Plaza	Toll	-1.32
MTAH01943811	08/16/2025 17:05:06	08/23/2025 7:31:17	TX-WVG0826	MOPAC-PRMR-CSRCHVZSB-01	S	Mopac-Prmr-Csrchvzsb-01	Toll	-2.6
MTAH01943811	08/16/2025 20:28:56	08/23/2025 7:26:00	TX-WVG0826	MOPAC-CSRCHVZ-PRMRNB-01	N	Mopac-Csrchvz-Prmrnb-01	Toll	-1.3
MTAH01943811	08/16/2025 20:40:22	08/16/2025 21:24:36	TX-WVG0826	LOP-MTOWN-12	N	Merrilltown Plaza	Toll	-1.32
MTAH01943811	08/17/2025 13:48:17	08/17/2025 14:39:21	TX-WVG0826	T45-LAKEC-09	W	Lake Creek Plaza	Toll	-1.32
MTAH01943811	08/17/2025 19:02:22	08/17/2025 19:39:24	TX-WVG0826	T45-LAKEC-13	E	Lake Creek Plaza	Toll	-1.32
MTAH01943811	08/18/2025 14:35:49	08/19/2025 8:38:12	TX-WVG0826	183S-MLKMLSB-04	S	Mlk Mainline Sb-04	Toll	-1.5
MTAH01943811	08/18/2025 14:39:06	08/19/2025 8:32:36	TX-WVG0826	183S-THMPSNMLSB-05	S	183s-Thmpsnmlsb-05	Toll	-1.3
MTAH01624288	09/15/2025 10:02:01	09/18/2025 18:01:55	TX-XFM3908	I35W-I30WUS287-36	N	I-30 West/Us 287 Texpress Entrance	Toll	-6.1
MTAH01624288	09/16/2025 15:58:53	09/16/2025 16:35:52	TX-XFM3908	HDY-HDYS-05	N	Hardy South - Barrier - Mainlines	Toll	-1.5
MTAH01624288	09/16/2025 16:07:48	09/16/2025 16:45:47	TX-XFM3908	HDY-HDYN-09	N	Hardy North - Barrier - Mainlines	Toll	-1.5
MTAH01624288	09/18/2025 18:13:53	09/19/2025 10:28:11	TX-XFM3908	183S-THMPSNMLNB-04	N	183s-Thmpsnmlnb-04	Toll	-1.3
MTAH01624288	09/18/2025 18:17:37	09/19/2025 10:26:40	TX-XFM3908	183S-51STMLNB-03	N	51st Mainline Nb-03	Toll	-1.5
MTAH01624288	09/18/2025 18:32:44	09/18/2025 20:45:02	TX-XFM3908	T45-LAKEC-22	E	Lake Creek Plaza	Toll	-1.32
MTAH01624288	09/21/2025 15:01:09	09/22/2025 7:40:41	TX-XFM3908	183S-MLKMLSB-03	S	Mlk Mainline Sb-03	Toll	-1.5
MTAH01624288	09/21/2025 15:04:32	09/22/2025 7:53:09	TX-XFM3908	183S-THMPSNMLSB-04	S	183s-Thmpsnmlsb-04	Toll	-1.3
MTAH01624288	09/22/2025 14:35:26	09/23/2025 8:48:02	TX-XFM3908	71-FM973EB-03	E	71-Fm973eb-03	Toll	-1.14
MTAH01624288	09/22/2025 14:40:36	09/22/2025 15:24:04	TX-XFM3908	H13-DECKC-10	N	Decker Creek Plaza	Toll	-2.18
MTAH01624288	09/22/2025 14:49:05	09/22/2025 15:23:26	TX-XFM3908	H13-CAMRO-12	N	Cameron Plaza	Toll	-2.18
MTAH01624288	09/22/2025 14:58:14	09/22/2025 15:42:02	TX-XFM3908	H13-MUSTC-10	N	Mustang Creek Plaza	Toll	-2.18
MTAH01943811	08/31/2025 18:02:08	09/01/2025 8:26:47	TX-WVG0826	183S-SH71DCEN-02	E	183s-Sh71dcen-02	Toll	-0.71
MTAH01943811	08/31/2025 18:02:51	09/01/2025 8:34:19	TX-WVG0826	183S-THMPSNMLNB-03	N	183s-Thmpsnmlnb-03	Toll	-1.3
MTAH01943811	08/31/2025 18:06:22	09/01/2025 8:27:47	TX-WVG0826	183S-51STMLNB-03	N	51st Mainline Nb-03	Toll	-1.5
MTAH01943811	08/31/2025 18:33:55	09/01/2025 8:28:57	TX-WVG0826	183S-MLKMLSB-01	S	Mlk Mainline Sb-01	Toll	-1.5
MTAH01943811	08/31/2025 18:37:56	09/01/2025 8:33:57	TX-WVG0826	183S-THMPSNMLSB-02	S	183s-Thmpsnmlsb-02	Toll	-1.3
MTAH01943811	08/31/2025 23:25:10	09/01/2025 8:32:20	TX-WVG0826	45SW-BRCRKMLEB-02	E	45sw-Brcrkmleb-02	Toll	-1.22
MTAH01943811	09/03/2025 17:25:01	09/04/2025 10:10:43	TX-WVG0826	183S-THMPSNMLSB-02	S	183s-Thmpsnmlsb-02	Toll	-1.3
MTAH01943811	09/03/2025 19:48:20	09/04/2025 11:19:14	TX-WVG0826	183S-MLKMLSB-01	S	Mlk Mainline Sb-01	Toll	-1.5
MTAH01943811	09/03/2025 19:52:23	09/04/2025 11:15:27	TX-WVG0826	183S-THMPSNMLSB-02	S	183s-Thmpsnmlsb-02	Toll	-1.3
MTAH01943811	09/04/2025 19:01:15	09/05/2025 10:34:43	TX-WVG0826	45SW-BRCRKMLEB-02	E	45sw-Brcrkmleb-02	Toll	-1.22
MTAH01943811	09/05/2025 14:52:46	09/06/2025 9:01:50	TX-WVG0826	183S-THMPSNMLNB-04	N	183s-Thmpsnmlnb-04	Toll	-1.3
MTAH01943811	09/05/2025 14:56:47	09/06/2025 9:02:30	TX-WVG0826	183S-51STMLNB-02	N	51st Mainline Nb-02	Toll	-1.5
MTAH01943811	09/05/2025 15:11:15	09/06/2025 9:01:53	TX-WVG0826	183A-LKLNMLNB-02	N	183a-Lklnmlnb-02	Toll	-0.78
MTAH01943811	09/05/2025 15:13:56	09/06/2025 9:02:05	TX-WVG0826	183A-PRKSTMLNB-07	N	183a-Prkstmlnb-07	Toll	-1.94
MTAH01943811	09/05/2025 15:16:21	09/06/2025 9:02:17	TX-WVG0826	183A-CRSTLFLMLNB-03	N	183a-Crstlflmlnb-03	Toll	-1.43
MTAH01943811	09/05/2025 15:19:11	09/06/2025 9:10:09	TX-WVG0826	183A-SNGBRLMLNB-02	N	183a-Sngbrlmlnb-02	Toll	-1.09
MTAH01943811	09/05/2025 15:21:35	09/06/2025 9:02:19	TX-WVG0826	183A-WHTWNGMLNB-03	N	183a-Whtwngmlnb-03	Toll	-1.29
MTAH01943811	09/13/2025 12:08:37	09/14/2025 7:10:50	TX-WVG0826	SH183-RGLRW-40	W	Sh183 Plaza	Toll	-0.32
MTAH01943811	09/13/2025 12:11:39	09/14/2025 7:15:26	TX-WVG0826	SH183-COCR-61	W	Sh183 Plaza	Toll	-0.84
MTAH01943811	09/13/2025 12:16:55	09/14/2025 7:06:33	TX-WVG0826	SH183-COLN-80	W	Sh183 Plaza	Toll	-1.78
MTAH01943811	09/13/2025 12:24:18	09/15/2025 21:31:41	TX-WVG0826	183WB-WESTPARK-16B	W	121 Sb Entrance South Of Murphy Drive	Toll	-4.75
MTAH01943811	09/13/2025 12:30:47	09/15/2025 21:25:28	TX-WVG0826	I820-SH121W-10	W	I-820 West Texpress Mainline	Toll	-3.95
MTAH01943811	09/13/2025 12:35:23	09/17/2025 17:39:07	TX-WVG0826	I35WN-820-24	N	I35wn-820-24	Toll	-3.75
MTAH01943811	09/13/2025 16:55:36	09/18/2025 15:42:51	TX-WVG0826	I35W-BASSBD-23	N	I35w-Bassbd-23	Toll	-3.55
MTAH01943811	09/14/2025 13:45:54	09/15/2025 7:46:54	TX-WVG0826	183A-WHTWNGMLSB-03	S	183a-Whtwngmlsb-03	Toll	-1.29
MTAH01943811	09/14/2025 13:48:23	09/15/2025 7:45:57	TX-WVG0826	183A-SNGBRLMLSB-03	S	183a-Sngbrlmlsb-03	Toll	-1.09
MTAH01943811	09/14/2025 13:50:58	09/15/2025 7:40:47	TX-WVG0826	183A-CRSTLFLMLSB-03	S	183a-Crstlflmlsb-03	Toll	-1.43
MTAH01943811	09/14/2025 13:53:05	09/15/2025 7:36:21	TX-WVG0826	183A-PRKSTMLSB-04	S	183a-Prkstmlsb-04	Toll	-1.94
MTAH01943811	09/14/2025 13:55:26	09/15/2025 7:53:50	TX-WVG0826	183A-LKLNMLSB-04	S	183a-Lklnmlsb-04	Toll	-0.78
MTAH01943811	09/14/2025 14:10:05	09/15/2025 7:43:30	TX-WVG0826	183S-MLKMLSB-02	S	Mlk Mainline Sb-02	Toll	-1.5
MTAH01943811	09/14/2025 14:13:37	09/15/2025 7:34:49	TX-WVG0826	183S-THMPSNMLSB-03	S	183s-Thmpsnmlsb-03	Toll	-1.3
MTAH01943811	09/16/2025 16:32:07	09/17/2025 10:07:31	TX-WVG0826	183S-51STXT-01	W	183s-51stxt-01	Toll	-0.81
MTAH01943811	09/17/2025 22:46:09	09/18/2025 10:30:40	TX-WVG0826	71-FM973WB-02	W	71-Fm973wb-02	Toll	-1.14
MTAH01943811	09/20/2025 19:42:21	09/21/2025 19:48:35	TX-WVG0826	SHT-SAMS-06	S	Sam Houston - South Barrier - Mainlines	Toll	-1.5
MTAH01943811	09/21/2025 15:55:32	09/21/2025 19:22:06	TX-WVG0826	H13-969X-61	N	Decker Creek Plaza	Toll	-0.74
MTAH01943811	09/23/2025 6:34:32	09/24/2025 7:03:04	TX-WVG0826	71-FM973EB-02	E	71-Fm973eb-02	Toll	-1.14
MTAH01624288	10/09/2025 22:25:13	10/10/2025 11:51:01	TX-XFM3908	183S-THMPSNMLNB-05	N	183s-Thmpsnmlnb-05	Toll	-1.3
MTAH01624288	10/13/2025 22:59:15	10/14/2025 10:57:58	TX-XFM3908	183S-THMPSNMLSB-02	S	183s-Thmpsnmlsb-02	Toll	-1.3
MTAH01624288	10/17/2025 8:57:04	10/18/2025 7:53:26	TX-XFM3908	290-PRMRMLWB-02	W	Parmer Lane Plaza L02 Wb	Toll	-0.73
MTAH01624288	10/17/2025 9:04:00	10/17/2025 11:57:06	TX-XFM3908	H13-DECKC-07	S	Decker Creek Plaza	Toll	-2.18
MTAH01624288	10/17/2025 9:09:59	10/17/2025 14:29:41	TX-XFM3908	H13-APORT-05	S	Airport Plaza	Toll	-2.18
MTAH01624288	10/18/2025 8:06:21	10/18/2025 10:31:34	TX-XFM3908	H13-DECKC-06	S	Decker Creek Plaza	Toll	-2.18
MTAH01624288	10/18/2025 8:12:14	10/18/2025 10:33:24	TX-XFM3908	H13-APORT-05	S	Airport Plaza	Toll	-2.18
MTAH01624288	10/18/2025 18:18:27	10/18/2025 20:36:22	TX-XFM3908	H13-APORT-08	N	Airport Plaza	Toll	-2.18
MTAH01624288	10/18/2025 18:31:38	10/18/2025 20:42:20	TX-XFM3908	H13-DECKC-10	N	Decker Creek Plaza	Toll	-2.18
MTAH01624288	10/18/2025 18:37:14	10/19/2025 9:51:51	TX-XFM3908	290-PRMRMLEB-03	E	Parmer Lane Plaza L04 Eb	Toll	-0.73
MTAH01624288	10/19/2025 7:45:42	10/19/2025 8:23:28	TX-XFM3908	H13-DECKC-06	S	Decker Creek Plaza	Toll	-2.18
MTAH01624288	10/19/2025 7:51:13	10/19/2025 8:40:16	TX-XFM3908	H13-APORT-05	S	Airport Plaza	Toll	-2.18
MTAH01624288	10/29/2025 5:36:32	10/29/2025 6:22:05	TX-XFM3908	S45-SEMLP-08	E	Texas State Highway 45 Southeast Plaza	Toll	-1.3
MTAH01624288	10/29/2025 5:44:46	10/29/2025 6:49:12	TX-XFM3908	H13-APORT-09	N	Airport Plaza	Toll	-2.18
MTAH01624288	10/30/2025 12:19:14	10/30/2025 15:20:17	TX-XFM3908	H13-812N-66	S	Airport Plaza	Toll	-0.74
MTAH01624288	10/30/2025 12:27:23	10/31/2025 9:48:49	TX-XFM3908	13C-SKYSB-02	N	Skyline Plaza Southbound	Toll	-3.19
MTAH01624288	10/30/2025 12:38:14	10/31/2025 9:41:37	TX-XFM3908	13C-BLUSB-01	N	Bluebonnet Plaza Sb	Toll	-6.96
MTAH01763704	10/29/2025 5:36:56	10/29/2025 6:22:20	TX-XFM4939	S45-SEMLP-08	E	Texas State Highway 45 Southeast Plaza	Toll	-1.3
MTAH01763704	10/29/2025 5:46:08	10/29/2025 6:50:35	TX-XFM4939	H13-APORT-08	N	Airport Plaza	Toll	-2.18
MTAH01763704	10/29/2025 12:02:42	10/29/2025 12:57:09	TX-XFM4939	SHT-SAMS-08	S	Sam Houston - South Barrier - Mainlines	Toll	-1.5
MTAH01943811	10/27/2025 15:51:54	10/28/2025 8:41:43	TX-WVG0826	71-FM973WB-02	W	71-Fm973wb-02	Toll	-1.14
MTAH01943811	10/27/2025 16:25:13	10/28/2025 10:08:56	TX-WVG0826	71-FM973EB-02	E	71-Fm973eb-02	Toll	-1.14
MTAH01943812	10/13/2025 9:47:53	10/14/2025 7:59:28	TX-WVG0825	183S-THMPSNMLNB-06	N	183s-Thmpsnmlnb-06	Toll	-1.3
MTAH01943812	10/15/2025 21:21:47	10/16/2025 11:04:43	TX-WVG0825	183S-SH71DCEN-02	E	183s-Sh71dcen-02	Toll	-0.71
MTAH01943812	10/15/2025 21:22:38	10/16/2025 11:01:03	TX-WVG0825	183S-THMPSNMLNB-05	N	183s-Thmpsnmlnb-05	Toll	-1.3
MTAH01943812	10/17/2025 12:46:47	10/17/2025 16:36:38	TX-WVG0825	H13-CAMRO-10	N	Cameron Plaza	Toll	-2.18
MTAH01943812	10/17/2025 12:54:46	10/17/2025 16:42:15	TX-WVG0825	H13-DECKC-08	S	Decker Creek Plaza	Toll	-2.18
MTAH01943812	10/17/2025 13:00:26	10/17/2025 16:39:53	TX-WVG0825	H13-APORT-05	S	Airport Plaza	Toll	-2.18
MTAH01943812	10/17/2025 13:05:41	10/17/2025 16:39:34	TX-WVG0825	H13-812X-61	N	Airport Plaza	Toll	-0.74
MTAH01943812	10/20/2025 12:59:21	10/21/2025 9:03:06	TX-WVG0825	183S-THMPSNMLSB-03	S	183s-Thmpsnmlsb-03	Toll	-1.3
MTAH01943812	10/24/2025 11:58:04	10/25/2025 8:29:44	TX-WVG0825	183S-THMPSNMLNB-03	N	183s-Thmpsnmlnb-03	Toll	-1.3
MTAH01943812	10/24/2025 12:01:47	10/25/2025 8:44:31	TX-WVG0825	183S-51STMLNB-03	N	51st Mainline Nb-03	Toll	-1.5
MTAH01943812	10/24/2025 20:29:54	10/25/2025 0:42:20	TX-WVG0825	LOP-MTOWN-13	N	Merrilltown Plaza	Toll	-1.32
MTAH01943812	10/24/2025 20:35:25	10/25/2025 0:41:10	TX-WVG0825	T45-LAKEC-09	W	Lake Creek Plaza	Toll	-1.32
MTAH01943812	10/27/2025 13:50:51	10/28/2025 8:41:40	TX-WVG0825	183S-MLKMLSB-04	S	Mlk Mainline Sb-04	Toll	-1.5
MTAH01943812	10/27/2025 13:54:18	10/28/2025 8:41:47	TX-WVG0825	183S-THMPSNMLSB-04	S	183s-Thmpsnmlsb-04	Toll	-1.3
MTAH01943812	10/29/2025 11:08:45	10/30/2025 7:57:13	TX-WVG0825	45SW-BRCRKMLWB-02	W	45sw-Brcrkmlwb-02	Toll	-1.22
MTAH01943812	10/29/2025 14:48:53	10/30/2025 8:46:30	TX-WVG0825	45SW-BRCRKMLEB-02	E	45sw-Brcrkmleb-02	Toll	-1.22
MTAH01624288	11/02/2025 10:03:18	11/03/2025 3:44:35	TX-XFM3908	13C-BLUNB-01	S	Bluebonnet Plaza Nb	Toll	-6.96
MTAH01624288	11/02/2025 10:13:59	11/03/2025 3:39:06	TX-XFM3908	13C-SKYNB-01	S	Skyline Plaza Northbound	Toll	-3.19
MTAH01624288	11/03/2025 11:05:51	11/04/2025 8:09:10	TX-XFM3908	45SW-BRCRKMLWB-02	W	45sw-Brcrkmlwb-02	Toll	-1.22
MTAH01624288	11/03/2025 15:18:03	11/04/2025 8:23:42	TX-XFM3908	45SW-BRCRKMLEB-02	E	45sw-Brcrkmleb-02	Toll	-1.22
MTAH01624288	11/05/2025 11:58:16	11/05/2025 13:25:15	TX-XFM3908	H13-APORT-04	S	Airport Plaza	Toll	-2.18
MTAH01624288	11/05/2025 12:08:20	11/05/2025 13:18:16	TX-XFM3908	S45-SEMLP-05	W	Texas State Highway 45 Southeast Plaza	Toll	-1.3
MTAH01624288	11/19/2025 9:58:19	11/20/2025 16:03:17	TX-XFM3908	183A-LKLNMLNB-02	N	183a-Lklnmlnb-02	Toll	-0.78
MTAH01624288	11/19/2025 10:50:30	11/20/2025 11:16:07	TX-XFM3908	T45-LAKEC-22	E	Lake Creek Plaza	Toll	-1.32
MTAH01943811	11/13/2025 19:13:40	11/14/2025 10:29:58	TX-WVG0826	183S-THMPSNMLNB-04	N	183s-Thmpsnmlnb-04	Toll	-1.3
MTAH01943811	11/13/2025 19:17:58	11/14/2025 10:33:30	TX-WVG0826	183S-51STMLNB-03	N	51st Mainline Nb-03	Toll	-1.5
MTAH01943812	10/31/2025 9:05:50	11/01/2025 8:13:50	TX-WVG0825	45SW-BRCRKMLWB-02	W	45sw-Brcrkmlwb-02	Toll	-1.22
MTAH01943812	11/05/2025 15:53:08	11/06/2025 9:17:51	TX-WVG0825	183S-THMPSNMLSB-02	S	183s-Thmpsnmlsb-02	Toll	-1.3
MTAH01624288	12/05/2025 14:25:50	12/06/2025 20:13:44	TX-XFM3908	71-FM973EB-02	E	71-Fm973eb-02	Toll	-1.14
MTAH01624288	12/07/2025 11:17:01	12/07/2025 12:28:14	TX-XFM3908	SHT-SAMN-06	E	Sam Houston - North Barrier - Mainlines	Toll	-1.5
MTAH01624288	12/07/2025 14:48:19	12/07/2025 15:41:09	TX-XFM3908	GPW-VRML-51	W	Grand Parkway Segment G	Toll	-2.2
MTAH01624288	12/07/2025 14:55:12	12/07/2025 15:54:37	TX-XFM3908	GPW-RFZML-21	W	Grand Parkway Segment G	Toll	-0.82
MTAH01624288	12/07/2025 14:56:23	12/07/2025 16:03:00	TX-XFM3908	GPW-HRDML-11	W	Grand Parkway Segment G	Toll	-0.55
MTAH01624288	12/07/2025 14:59:30	12/07/2025 16:04:12	TX-XFM3908	GPW-MOKML-51	W	Grand Parkway Segment F2	Toll	-1.4
MTAH01624288	12/07/2025 15:04:21	12/07/2025 16:11:21	TX-XFM3908	GPW-CFML-21	W	Grand Parkway Segment F2	Toll	-1.52
MTAH01624288	12/07/2025 15:08:27	12/07/2025 16:09:30	TX-XFM3908	GPW-OBML-51	N	Grand Parkway Segment F1	Toll	-1.2
MTAH01624288	12/07/2025 15:15:53	12/07/2025 16:18:04	TX-XFM3908	GPW-CMBML-21	S	Grand Parkway Segment F1	Toll	-1.71
MTAH01624288	12/07/2025 17:24:08	12/08/2025 7:38:16	TX-XFM3908	71-FM973WB-02	W	71-Fm973wb-02	Toll	-1.14
MTAH01748976	12/12/2025 15:24:44	12/18/2025 17:27:38	TX-XDD3974	MOPAC-CSRCHVZ-183-01	S	Mopac-Csrchvz-183-01	Toll	-6.82
MTAH01763704	12/31/2025 15:35:22	12/31/2025 16:38:51	TX-XFM4939	H13-DECKC-11	N	Decker Creek Plaza	Toll	-2.18
MTAH01943811	12/19/2025 10:02:36	12/19/2025 11:02:09	TX-WVG0826	H13-LROYN-76	S	Airport Plaza	Toll	-0.92
MTAH01943811	12/19/2025 10:11:13	12/19/2025 11:12:08	TX-WVG0826	S45-SEMLP-05	W	Texas State Highway 45 Southeast Plaza	Toll	-1.3
MTAH01943811	12/22/2025 7:02:44	12/22/2025 7:56:25	TX-WVG0826	S45-SEMLP-08	E	Texas State Highway 45 Southeast Plaza	Toll	-1.3
MTAH01943811	12/22/2025 7:10:57	12/22/2025 7:54:48	TX-WVG0826	H13-LROYX-71	N	Airport Plaza	Toll	-0.92
MTAH01943811	12/25/2025 22:05:18	12/26/2025 7:01:52	TX-WVG0826	183S-THMPSNMLNB-04	N	183s-Thmpsnmlnb-04	Toll	-1.3
MTAH01943811	12/25/2025 22:09:16	12/26/2025 6:58:22	TX-WVG0826	183S-51STMLNB-03	N	51st Mainline Nb-03	Toll	-1.5
MTAH01943812	12/04/2025 7:18:17	12/05/2025 7:30:15	TX-WVG0825	183A-LKLNMLNB-02	N	183a-Lklnmlnb-02	Toll	-0.78
MTAH01943812	12/04/2025 7:21:12	12/05/2025 7:13:04	TX-WVG0825	183A-PRKSTMLNB-08	N	183a-Prkstmlnb-08	Toll	-1.94
MTAH01943812	12/04/2025 7:23:24	12/05/2025 6:18:42	TX-WVG0825	183A-CRSTLFLMLNB-04	N	183a-Crstlflmlnb-04	Toll	-1.43
MTAH01943812	12/04/2025 7:25:54	12/05/2025 7:31:03	TX-WVG0825	183A-SNGBRLMLNB-02	N	183a-Sngbrlmlnb-02	Toll	-1.09
MTAH01943812	12/04/2025 7:28:13	12/05/2025 7:31:35	TX-WVG0825	183A-WHTWNGMLNB-02	N	183a-Whtwngmlnb-02	Toll	-1.29
MTAH01943812	12/04/2025 17:24:09	12/05/2025 8:43:09	TX-WVG0825	183A-WHTWNGMLSB-02	S	183a-Whtwngmlsb-02	Toll	-1.29
MTAH01943812	12/04/2025 17:26:40	12/05/2025 8:40:41	TX-WVG0825	183A-SNGBRLMLSB-02	S	183a-Sngbrlmlsb-02	Toll	-1.09
MTAH01943812	12/04/2025 17:29:04	12/05/2025 9:13:04	TX-WVG0825	183A-CRSTLFLMLSB-02	S	183a-Crstlflmlsb-02	Toll	-1.43
MTAH01943812	12/04/2025 17:31:01	12/05/2025 9:14:00	TX-WVG0825	183A-PRKSTMLSB-03	S	183a-Prkstmlsb-03	Toll	-1.94
MTAH01943812	12/04/2025 17:33:19	12/05/2025 9:00:04	TX-WVG0825	183A-LKLNMLSB-04	S	183a-Lklnmlsb-04	Toll	-0.78
MTAH01943812	12/05/2025 17:47:44	12/07/2025 0:59:32	TX-WVG0825	183S-THMPSNMLNB-04	N	183s-Thmpsnmlnb-04	Toll	-1.3
MTAH01943812	12/05/2025 19:11:27	12/06/2025 22:53:25	TX-WVG0825	183S-THMPSNMLSB-03	S	183s-Thmpsnmlsb-03	Toll	-1.3
MTAH01943812	12/06/2025 13:58:10	12/07/2025 7:24:43	TX-WVG0825	183S-THMPSNMLNB-05	N	183s-Thmpsnmlnb-05	Toll	-1.3
MTAH01943812	12/07/2025 13:53:11	12/08/2025 7:03:18	TX-WVG0825	183S-THMPSNMLNB-03	N	183s-Thmpsnmlnb-03	Toll	-1.3
MTAH01943812	12/07/2025 13:56:44	12/08/2025 7:03:36	TX-WVG0825	183S-51STMLNB-03	N	51st Mainline Nb-03	Toll	-1.5
MTAH01943812	12/08/2025 14:49:12	12/11/2025 16:50:24	TX-WVG0825	183S-THMPSNMLNB-06	N	183s-Thmpsnmlnb-06	Toll	-1.3
MTAH01943812	12/08/2025 15:24:50	12/09/2025 7:32:27	TX-WVG0825	183S-THMPSNMLSB-04	S	183s-Thmpsnmlsb-04	Toll	-1.3
MTAH01943812	12/09/2025 10:44:27	12/10/2025 7:16:32	TX-WVG0825	183S-THMPSNMLSB-02	S	183s-Thmpsnmlsb-02	Toll	-1.3
MTAH01943812	12/10/2025 11:52:47	12/11/2025 9:24:04	TX-WVG0825	183S-THMPSNMLNB-04	N	183s-Thmpsnmlnb-04	Toll	-1.3
MTAH01943812	12/10/2025 11:54:21	12/11/2025 9:43:08	TX-WVG0825	183S-SMTHRDXT-02	W	183s-Smthrdxt-02	Toll	-0.71
MTAH01943812	12/10/2025 12:26:35	12/11/2025 9:41:45	TX-WVG0825	183S-THMPSNMLSB-02	S	183s-Thmpsnmlsb-02	Toll	-1.3
MTAH01943812	12/11/2025 13:16:04	12/12/2025 7:43:50	TX-WVG0825	183S-SMTHRDEN-03	E	183s-Smthrden-03	Toll	-0.71
MTAH01943812	12/11/2025 13:17:48	12/12/2025 7:44:47	TX-WVG0825	183S-THMPSNMLSB-03	S	183s-Thmpsnmlsb-03	Toll	-1.3
MTAH01943812	12/11/2025 14:39:48	12/12/2025 13:34:27	TX-WVG0825	71-FM973EB-03	E	71-Fm973eb-03	Toll	-1.14
MTAH01943812	12/11/2025 14:41:41	12/12/2025 14:02:29	TX-WVG0825	71-FM973WB-03	W	71-Fm973wb-03	Toll	-1.14
MTAH01943812	12/12/2025 16:43:37	12/13/2025 12:54:59	TX-WVG0825	45SW-BRCRKMLWB-02	W	45sw-Brcrkmlwb-02	Toll	-1.22
MTAH01943812	12/12/2025 22:59:29	12/14/2025 9:20:05	TX-WVG0825	45SW-BRCRKMLEB-02	E	45sw-Brcrkmleb-02	Toll	-1.22
MTAH01943812	12/15/2025 7:25:13	12/16/2025 7:18:25	TX-WVG0825	45SW-BRCRKMLWB-03	W	45sw-Brcrkmlwb-03	Toll	-1.22
MTAH01943812	12/15/2025 7:40:29	12/21/2025 10:20:35	TX-WVG0825	MOPAC-CSRCHVZ-183-01	S	Mopac-Csrchvz-183-01	Toll	-0.65
MTAH01943812	12/15/2025 16:33:05	12/21/2025 10:54:01	TX-WVG0825	MOPAC-2222-CSRCHVZSB-01	S	Mopac-2222-Csrchvzsb-01	Toll	-5.67
MTAH01943812	12/16/2025 7:34:47	12/17/2025 6:56:17	TX-WVG0825	45SW-BRCRKMLWB-02	W	45sw-Brcrkmlwb-02	Toll	-1.22
MTAH01943812	12/16/2025 8:03:58	12/22/2025 10:11:26	TX-WVG0825	MOPAC-CSRCHVZ-183-01	S	Mopac-Csrchvz-183-01	Toll	-0.65
MTAH01943812	12/16/2025 17:04:29	12/21/2025 13:22:48	TX-WVG0825	MOPAC-2222-CSRCHVZSB-01	S	Mopac-2222-Csrchvzsb-01	Toll	-8.2
MTAH01943812	12/16/2025 17:54:29	12/17/2025 10:02:08	TX-WVG0825	45SW-BRCRKMLEB-02	E	45sw-Brcrkmleb-02	Toll	-1.22
MTAH01943812	12/17/2025 7:09:55	12/18/2025 7:12:05	TX-WVG0825	45SW-BRCRKMLWB-02	W	45sw-Brcrkmlwb-02	Toll	-1.22
MTAH01943812	12/17/2025 7:29:04	12/23/2025 10:31:02	TX-WVG0825	MOPAC-CSRCHVZ-183-01	S	Mopac-Csrchvz-183-01	Toll	-0.65
MTAH01943812	12/17/2025 17:23:18	12/18/2025 9:13:49	TX-WVG0825	45SW-BRCRKMLEB-02	E	45sw-Brcrkmleb-02	Toll	-1.22
MTAH01943812	12/17/2025 23:15:24	12/18/2025 10:44:47	TX-WVG0825	45SW-BRCRKMLEB-02	E	45sw-Brcrkmleb-02	Toll	-1.22
MTAH01943812	12/18/2025 7:42:44	12/19/2025 6:54:27	TX-WVG0825	45SW-BRCRKMLWB-02	W	45sw-Brcrkmlwb-02	Toll	-1.22
MTAH01943812	12/18/2025 22:57:53	12/19/2025 10:27:24	TX-WVG0825	45SW-BRCRKMLEB-02	E	45sw-Brcrkmleb-02	Toll	-1.22
MTAH01943812	12/19/2025 7:33:44	12/20/2025 6:50:39	TX-WVG0825	45SW-BRCRKMLWB-02	W	45sw-Brcrkmlwb-02	Toll	-1.22
MTAH01943812	12/22/2025 5:15:49	12/23/2025 7:29:50	TX-WVG0825	45SW-BRCRKMLWB-03	W	45sw-Brcrkmlwb-03	Toll	-1.22
MTAH01943812	12/22/2025 10:16:09	12/23/2025 7:45:07	TX-WVG0825	45SW-BRCRKMLEB-03	E	45sw-Brcrkmleb-03	Toll	-1.22
MTAH01943812	12/22/2025 11:24:40	12/23/2025 7:39:51	TX-WVG0825	45SW-BRCRKMLWB-03	W	45sw-Brcrkmlwb-03	Toll	-1.22
MTAH01943812	12/22/2025 13:31:25	12/23/2025 7:58:11	TX-WVG0825	45SW-BRCRKMLEB-03	E	45sw-Brcrkmleb-03	Toll	-1.22
MTAH01943812	12/22/2025 16:31:27	12/23/2025 8:50:04	TX-WVG0825	45SW-BRCRKMLWB-03	W	45sw-Brcrkmlwb-03	Toll	-1.22
MTAH01943812	12/23/2025 8:55:08	12/24/2025 6:22:24	TX-WVG0825	45SW-BRCRKMLWB-02	W	45sw-Brcrkmlwb-02	Toll	-1.22
MTAH01943812	12/23/2025 9:10:43	12/24/2025 7:07:36	TX-WVG0825	71-FM973EB-02	E	71-Fm973eb-02	Toll	-1.14
MTAH01624288	01/11/2026 17:37:48	01/12/2026 7:58:10	TX-XFM3908	183S-THMPSNMLNB-05	N	183s-Thmpsnmlnb-05	Toll	-1.34
MTAH01624288	01/11/2026 17:41:22	01/12/2026 8:01:18	TX-XFM3908	183S-51STMLNB-03	N	51st Mainline Nb-03	Toll	-1.55
MTAH01763704	12/31/2025 15:29:57	01/01/2026 14:45:14	TX-XFM4939	71-FM973EB-03	E	71-Fm973eb-03	Toll	-1.14
MTAH01943811	01/07/2026 10:45:35	01/07/2026 11:25:41	TX-WVG0826	LOP-WBHX-52	N	Merrilltown Plaza	Toll	-0.9
MTAH01943811	01/07/2026 16:40:14	01/07/2026 17:38:02	TX-WVG0826	T45-LAKEC-01	W	Lake Creek Plaza	Toll	-1.36
MTAH01943811	01/09/2026 15:18:48	01/10/2026 23:16:19	TX-WVG0826	183S-MLKMLSB-03	S	Mlk Mainline Sb-03	Toll	-1.55
MTAH01943811	01/09/2026 15:22:27	01/11/2026 0:28:29	TX-WVG0826	183S-THMPSNMLSB-04	S	183s-Thmpsnmlsb-04	Toll	-1.34
MTAH01943811	01/09/2026 15:26:18	01/10/2026 23:34:24	TX-WVG0826	71-FM973EB-02	E	71-Fm973eb-02	Toll	-1.17
MTAH01943811	01/22/2026 19:34:13	01/23/2026 10:02:34	TX-WVG0826	45SW-BRCRKMLWB-02	W	45sw-Brcrkmlwb-02	Toll	-1.26
MTAH01943811	01/22/2026 20:12:50	01/23/2026 10:14:06	TX-WVG0826	45SW-BRCRKMLEB-02	E	45sw-Brcrkmleb-02	Toll	-1.26
MTAH01943812	01/23/2026 17:35:46	01/23/2026 20:09:26	TX-WVG0825	H13-APORT-04	S	Airport Plaza	Toll	-2.24
MTAH01943812	01/23/2026 17:47:15	01/24/2026 3:49:32	TX-WVG0825	13C-SKYSB-03	N	Skyline Plaza Southbound	Toll	-3.29
MTAH01943812	01/23/2026 17:53:09	01/24/2026 3:44:36	TX-WVG0825	13C-142X-01	N	State Highway 142 Exit	Toll	-1.06
MTAH01624288	02/12/2026 10:34:32	02/12/2026 12:25:01	TX-XFM3908	H13-MUSTC-06	N	Mustang Creek Plaza	Toll	-2.24
MTAH01624288	02/12/2026 10:43:59	02/12/2026 12:29:39	TX-XFM3908	H13-CAMRO-09	N	Cameron Plaza	Toll	-2.24
MTAH01624288	02/12/2026 10:55:03	02/13/2026 7:39:43	TX-XFM3908	290-PRMRMLEB-03	E	Parmer Lane Plaza L04 Eb	Toll	-0.75
MTAH01624288	02/12/2026 11:56:24	02/13/2026 8:31:48	TX-XFM3908	290-PRMRMLWB-02	W	Parmer Lane Plaza L02 Wb	Toll	-0.75
MTAH01624288	02/12/2026 11:58:56	02/13/2026 8:31:25	TX-XFM3908	290-GILESMLWB-02	W	Giles Lane Plaza L02 Wb	Toll	-1.53
MTAH01624288	02/12/2026 12:00:58	02/13/2026 8:37:14	TX-XFM3908	290-US183XT-02	S	Us 183 Direct Connect Exit L02	Toll	-0.75
MTAH01624288	02/12/2026 12:03:57	02/13/2026 8:11:12	TX-XFM3908	183S-MLKMLSB-03	S	Mlk Mainline Sb-03	Toll	-1.55
MTAH01624288	02/12/2026 12:07:31	02/13/2026 8:30:30	TX-XFM3908	183S-THMPSNMLSB-04	S	183s-Thmpsnmlsb-04	Toll	-1.34
MTAH01624288	02/12/2026 12:08:06	02/13/2026 8:09:28	TX-XFM3908	183S-SH71DCXT-02	W	183s-Sh71dcxt-02	Toll	-0.73
MTAH01748976	02/01/2026 12:29:06	02/02/2026 6:53:46	TX-XDD3974	183A-PRKSTMLNB-06	N	183a-Prkstmlnb-06	Toll	-2
MTAH01748976	02/01/2026 12:42:54	02/02/2026 6:52:33	TX-XDD3974	183A-PRKSTMLSB-04	S	183a-Prkstmlsb-04	Toll	-2
MTAH01748976	02/01/2026 12:45:19	02/02/2026 6:39:16	TX-XDD3974	183A-LKLNMLSB-04	S	183a-Lklnmlsb-04	Toll	-0.87
MTAH01763704	02/23/2026 18:18:27	02/26/2026 23:22:51	TX-XFM4939	I35W-I35WI30EAST-37	N	I-35w North/I-30 East Texpress Mainline	Toll	-7.15
MTAH01763704	02/23/2026 18:23:55	02/26/2026 22:48:13	TX-XFM4939	I35WN-820-24	N	I35wn-820-24	Toll	-8.95
MTAH01763704	02/23/2026 18:27:53	02/26/2026 22:43:10	TX-XFM4939	I35W-GOLDENTRI-21	N	I35w-Goldentri-21	Toll	-7.75
MTAH01763704	02/24/2026 5:49:22	02/26/2026 23:38:39	TX-XFM4939	I35W-ALLIANCE-19	N	I35w-Alliance-19	Toll	-5
MTAH01763704	02/24/2026 5:53:29	02/26/2026 23:03:33	TX-XFM4939	I35WS-US287S-22	N	I35ws-Us287s-22	Toll	-3.95
MTAH01763704	02/24/2026 5:55:48	02/26/2026 22:57:28	TX-XFM4939	I35WS-820-31	S	I-35w South/I-820 Texpress Mainline	Toll	-5.45
MTAH01943811	02/06/2026 11:08:01	02/07/2026 7:23:14	TX-WVG0826	183S-SH71DCEN-02	E	183s-Sh71dcen-02	Toll	-0.73
MTAH01943811	02/06/2026 11:08:47	02/07/2026 7:24:10	TX-WVG0826	183S-THMPSNMLNB-05	N	183s-Thmpsnmlnb-05	Toll	-1.34
MTAH01943811	02/06/2026 16:53:42	02/07/2026 9:06:56	TX-WVG0826	183S-THMPSNMLSB-04	S	183s-Thmpsnmlsb-04	Toll	-1.34
MTAH01943811	02/06/2026 17:01:09	02/07/2026 8:42:12	TX-WVG0826	71-FM973EB-02	E	71-Fm973eb-02	Toll	-1.17
MTAH01943811	02/06/2026 20:41:38	02/07/2026 10:14:25	TX-WVG0826	183S-51STMLNB-03	N	51st Mainline Nb-03	Toll	-1.55
MTAH01943811	02/16/2026 16:40:49	02/17/2026 10:16:02	TX-WVG0826	183A-LKLNMLNB-02	N	183a-Lklnmlnb-02	Toll	-0.87
MTAH01943811	02/16/2026 19:03:36	02/17/2026 10:30:56	TX-WVG0826	183A-LKLNMLSB-02	S	183a-Lklnmlsb-02	Toll	-0.87
MTAH01943811	02/18/2026 16:41:02	02/18/2026 17:34:40	TX-WVG0826	LOP-MTOWN-14	N	Merrilltown Plaza	Toll	-1.36
MTAH01943811	02/18/2026 16:46:19	02/18/2026 17:32:09	TX-WVG0826	T45-LAKEC-09	W	Lake Creek Plaza	Toll	-1.36
MTAH01943811	02/18/2026 16:52:48	02/19/2026 8:51:01	TX-WVG0826	183A-PRKSTMLNB-07	N	183a-Prkstmlnb-07	Toll	-2
MTAH01943811	02/18/2026 16:55:03	02/19/2026 9:09:06	TX-WVG0826	183A-CRSTLFLMLNB-02	N	183a-Crstlflmlnb-02	Toll	-1.52
MTAH01943811	02/18/2026 21:32:57	02/19/2026 10:15:54	TX-WVG0826	183A-CRSTLFLMLSB-03	S	183a-Crstlflmlsb-03	Toll	-1.52
MTAH01943811	02/18/2026 21:35:29	02/19/2026 10:08:00	TX-WVG0826	183A-PRKSTMLSB-05	S	183a-Prkstmlsb-05	Toll	-2
MTAH01943811	02/18/2026 21:38:11	02/19/2026 10:07:05	TX-WVG0826	183A-LKLNMLSB-02	S	183a-Lklnmlsb-02	Toll	-0.87
MTAH01943811	02/20/2026 16:52:57	02/22/2026 10:30:27	TX-WVG0826	183A-LKLNMLNB-02	N	183a-Lklnmlnb-02	Toll	-0.87
MTAH01943811	02/20/2026 16:56:10	02/22/2026 10:28:32	TX-WVG0826	183A-PRKSTMLNB-08	N	183a-Prkstmlnb-08	Toll	-2
MTAH01943811	02/20/2026 16:58:31	02/22/2026 10:36:06	TX-WVG0826	183A-CRSTLFLMLNB-02	N	183a-Crstlflmlnb-02	Toll	-1.52
MTAH01943811	02/20/2026 23:02:11	02/22/2026 10:52:10	TX-WVG0826	183A-CRSTLFLMLSB-04	S	183a-Crstlflmlsb-04	Toll	-1.52
MTAH01943811	02/20/2026 23:04:57	02/22/2026 10:47:44	TX-WVG0826	183A-PRKSTMLSB-05	S	183a-Prkstmlsb-05	Toll	-2
MTAH01943811	02/20/2026 23:07:57	02/22/2026 10:54:32	TX-WVG0826	183A-LKLNMLSB-03	S	183a-Lklnmlsb-03	Toll	-0.87
MTAH01943811	02/22/2026 11:17:53	02/23/2026 6:31:41	TX-WVG0826	183A-LKLNMLNB-01	N	183a-Lklnmlnb-01	Toll	-0.87
MTAH01943811	02/22/2026 11:20:37	02/23/2026 6:45:46	TX-WVG0826	183A-PRKSTMLNB-06	N	183a-Prkstmlnb-06	Toll	-2
MTAH01943811	02/22/2026 11:22:45	02/23/2026 6:32:47	TX-WVG0826	183A-CRSTLFLMLNB-02	N	183a-Crstlflmlnb-02	Toll	-1.52
MTAH01943811	02/22/2026 17:34:40	02/23/2026 8:18:37	TX-WVG0826	183A-CRSTLFLMLSB-04	S	183a-Crstlflmlsb-04	Toll	-1.52
MTAH01943811	02/22/2026 17:36:56	02/23/2026 8:13:19	TX-WVG0826	183A-PRKSTMLSB-04	S	183a-Prkstmlsb-04	Toll	-2
MTAH01943811	02/22/2026 17:39:17	02/23/2026 8:14:54	TX-WVG0826	183A-LKLNMLSB-02	S	183a-Lklnmlsb-02	Toll	-0.87
MTAH01943811	02/23/2026 11:02:31	02/23/2026 11:43:24	TX-WVG0826	LOP-WBHN-57	S	Merrilltown Plaza	Toll	-0.9
MTAH02609593	02/23/2026 18:22:02	02/24/2026 9:57:54	TX-WWW9984	45SW-BRCRKMLWB-03	W	45sw-Brcrkmlwb-03	Toll	-1.26
MTAH02609593	02/23/2026 18:38:34	02/24/2026 10:27:00	TX-WWW9984	183S-SH71DCEN-02	E	183s-Sh71dcen-02	Toll	-0.73
MTAH02609593	02/23/2026 18:39:20	02/24/2026 10:28:08	TX-WWW9984	183S-THMPSNMLNB-02	N	183s-Thmpsnmlnb-02	Toll	-1.34
MTAH02609593	02/23/2026 18:43:04	02/24/2026 10:26:50	TX-WWW9984	183S-51STMLNB-02	N	51st Mainline Nb-02	Toll	-1.55
MTAH02609593	02/23/2026 20:27:48	02/24/2026 10:36:29	TX-WWW9984	183S-THMPSNMLSB-02	S	183s-Thmpsnmlsb-02	Toll	-1.34
MTAH02609593	02/23/2026 20:45:27	02/24/2026 10:35:39	TX-WWW9984	183S-THMPSNMLSB-04	S	183s-Thmpsnmlsb-04	Toll	-1.34
MTAH02609593	02/23/2026 20:46:05	02/24/2026 10:35:36	TX-WWW9984	183S-SH71DCXT-03	W	183s-Sh71dcxt-03	Toll	-0.73
MTAH02609593	02/25/2026 18:41:38	02/27/2026 0:34:18	TX-WWW9984	290-GILESMLEB-05	E	Giles Lane Plaza L05 Eb	Toll	-1.53
MTAH02609593	02/25/2026 18:44:17	02/27/2026 0:37:16	TX-WWW9984	290-PRMRMLEB-03	E	Parmer Lane Plaza L04 Eb	Toll	-0.75
MTAH02609593	02/25/2026 18:50:50	02/27/2026 0:37:20	TX-WWW9984	290-PRMRMLWB-03	W	Parmer Lane Plaza L03 Wb	Toll	-0.75
MTAH02609593	02/25/2026 22:09:17	02/26/2026 11:39:55	TX-WWW9984	183S-SMTHRDEN-03	E	183s-Smthrden-03	Toll	-0.73
MTAH02609593	02/25/2026 22:11:18	02/26/2026 11:58:37	TX-WWW9984	183S-THMPSNMLSB-05	S	183s-Thmpsnmlsb-05	Toll	-1.34
MTAH02609593	02/25/2026 22:11:54	02/26/2026 11:31:18	TX-WWW9984	183S-SH71DCXT-03	W	183s-Sh71dcxt-03	Toll	-0.73
MTAH02609593	02/26/2026 2:23:42	02/27/2026 7:43:28	TX-WWW9984	183S-SMTHRDEN-03	E	183s-Smthrden-03	Toll	-0.73
MTAH02609593	02/26/2026 2:25:54	02/27/2026 7:53:33	TX-WWW9984	183S-THMPSNMLSB-03	S	183s-Thmpsnmlsb-03	Toll	-1.34
MTAH02609593	02/26/2026 3:50:23	02/27/2026 7:55:49	TX-WWW9984	183S-THMPSNMLNB-06	N	183s-Thmpsnmlnb-06	Toll	-1.34
MTAH02609593	02/26/2026 5:10:23	02/27/2026 7:51:27	TX-WWW9984	183S-THMPSNMLSB-03	S	183s-Thmpsnmlsb-03	Toll	-1.34
MTAH02609593	02/26/2026 6:15:34	02/27/2026 7:42:14	TX-WWW9984	183S-THMPSNMLNB-05	N	183s-Thmpsnmlnb-05	Toll	-1.34
MTAH02609593	02/26/2026 6:19:51	02/27/2026 7:37:02	TX-WWW9984	183S-51STMLNB-02	N	51st Mainline Nb-02	Toll	-1.55
MTAH02609593	02/26/2026 13:21:06	02/27/2026 8:25:22	TX-WWW9984	183S-THMPSNMLNB-04	N	183s-Thmpsnmlnb-04	Toll	-1.34
MTAH02609593	02/26/2026 13:25:09	02/27/2026 8:38:12	TX-WWW9984	183S-51STMLNB-02	N	51st Mainline Nb-02	Toll	-1.55
MTAH02609593	02/26/2026 15:01:54	02/27/2026 11:01:17	TX-WWW9984	183S-MLKMLSB-01	S	Mlk Mainline Sb-01	Toll	-1.55
MTAH02609593	02/26/2026 15:05:27	02/27/2026 10:54:36	TX-WWW9984	183S-THMPSNMLSB-04	S	183s-Thmpsnmlsb-04	Toll	-1.34
MTAH02609593	02/26/2026 15:10:41	02/27/2026 11:07:52	TX-WWW9984	71-FM973EB-03	E	71-Fm973eb-03	Toll	-1.17
MTAH02609593	02/26/2026 15:24:12	02/27/2026 10:11:24	TX-WWW9984	13C-SKYSB-02	N	Skyline Plaza Southbound	Toll	-3.29
MTAH02609593	02/26/2026 19:16:59	02/27/2026 11:17:35	TX-WWW9984	13C-SKYNB-02	S	Skyline Plaza Northbound	Toll	-3.29
MTAH02609593	02/26/2026 19:36:25	02/27/2026 11:29:01	TX-WWW9984	183S-THMPSNMLNB-03	N	183s-Thmpsnmlnb-03	Toll	-1.34
MTAH02609593	02/26/2026 19:40:15	02/27/2026 11:31:19	TX-WWW9984	183S-51STMLNB-02	N	51st Mainline Nb-02	Toll	-1.55
MTAH02609593	02/27/2026 16:11:44	02/28/2026 15:29:46	TX-WWW9984	183S-THMPSNMLSB-03	S	183s-Thmpsnmlsb-03	Toll	-1.34
MTAH02609593	02/27/2026 19:01:03	02/28/2026 17:26:32	TX-WWW9984	183S-SH71DCEN-02	E	183s-Sh71dcen-02	Toll	-0.73
MTAH02609593	02/27/2026 19:01:46	02/28/2026 17:28:52	TX-WWW9984	183S-THMPSNMLNB-02	N	183s-Thmpsnmlnb-02	Toll	-1.34
MTAH02609593	02/27/2026 19:05:21	02/28/2026 17:24:30	TX-WWW9984	183S-51STMLNB-04	N	51st Mainline Nb-04	Toll	-1.55